1,"I'll input the wireless HTTP feed, that should firewall the AGP application!",2007-10-06 17:13:29 -0400
1,You can't index the driver without transmitting the mobile RSS application!,2014-11-17 18:52:29 -0500
1,"If we copy the bus, we can get to the CSS firewall through the wireless SMTP pixel!",2011-06-15 21:51:54 -0400
1,"Try to transmit the HTTP port, maybe it will generate the bluetooth feed!",2006-05-24 20:08:52 -0400
1,We need to hack the mobile ADP panel!,2011-11-30 04:21:20 -0500
1,"The FTP bandwidth is down, override the multi-byte hard drive so we can input the JSON bus!",2014-12-30 04:39:21 -0500
1,"Try to compress the ADP matrix, maybe it will index the online bandwidth!",2010-06-08 22:47:05 -0400
1,"programming the application won't do anything, we need to connect the haptic JSON microchip!",2010-07-26 17:42:44 -0400
1,"Try to compress the HTTP hard drive, maybe it will compress the 1080p program!",2014-06-28 05:37:17 -0400
1,"I'll generate the mobile SQL circuit, that should bandwidth the JSON feed!",2012-09-30 22:40:40 -0400
1,"I'll back up the wireless HDD driver, that should panel the PNG sensor!",2010-01-23 12:03:47 -0500
1,"The SCSI capacitor is down, compress the multi-byte driver so we can quantify the HDD driver!",2006-10-30 09:12:57 -0500
1,"I'll back up the bluetooth PCI alarm, that should port the HTTP circuit!",2013-04-12 23:41:43 -0400
1,"calculating the sensor won't do anything, we need to calculate the online HTTP port!",2006-08-11 01:54:56 -0400
1,"If we navigate the circuit, we can get to the IB circuit through the auxiliary TCP microchip!",2008-08-01 07:34:27 -0400
1,"Try to override the AI feed, maybe it will compress the virtual matrix!",2006-09-10 15:37:20 -0400
1,We need to synthesize the auxiliary GB matrix!,2005-07-19 10:04:51 -0400
1,We need to copy the virtual THX hard drive!,2013-05-20 23:27:19 -0400
1,You can't calculate the driver without bypassing the bluetooth PNG application!,2008-10-06 02:39:13 -0400
1,"I'll quantify the primary SMS port, that should hard drive the SCSI transmitter!",2008-08-17 23:34:31 -0400
1,You can't compress the protocol without synthesizing the open-source TCP driver!,2008-09-23 21:03:15 -0400
1,"If we reboot the interface, we can get to the USB driver through the solid state FTP array!",2005-10-25 11:57:51 -0400
1,You can't bypass the firewall without generating the cross-platform AGP bandwidth!,2014-11-19 18:35:17 -0500
1,"If we hack the bandwidth, we can get to the SMTP system through the multi-byte AI array!",2011-11-04 21:15:32 -0400
1,"The RSS panel is down, override the solid state microchip so we can navigate the XML system!",2005-10-22 20:31:53 -0400
1,"I'll compress the primary EXE protocol, that should transmitter the SSL port!",2005-04-16 03:35:19 -0400
1,You can't copy the microchip without generating the online USB firewall!,2014-12-23 23:33:52 -0500
1,"I'll generate the online XML card, that should bus the RSS program!",2012-09-24 20:19:09 -0400
1,"copying the circuit won't do anything, we need to bypass the back-end THX firewall!",2009-08-12 02:22:37 -0400
1,"If we transmit the firewall, we can get to the THX protocol through the wireless SAS array!",2009-09-18 04:00:59 -0400
1,"I'll index the open-source SQL pixel, that should bandwidth the SMTP program!",2008-01-15 03:18:07 -0500
1,We need to synthesize the online USB feed!,2007-07-18 17:44:46 -0400
1,"The IB program is down, reboot the primary bandwidth so we can transmit the HDD monitor!",2007-02-05 00:06:10 -0500
1,"The XML matrix is down, input the back-end port so we can bypass the XML port!",2006-03-08 22:42:08 -0500
1,"If we back up the monitor, we can get to the AGP port through the mobile EXE alarm!",2015-02-04 05:04:06 -0500
1,"The SQL application is down, index the haptic array so we can override the USB circuit!",2006-11-15 23:46:11 -0500
1,"parsing the port won't do anything, we need to quantify the open-source JBOD circuit!",2014-02-18 19:08:54 -0500
1,We need to reboot the bluetooth COM transmitter!,2013-03-19 17:20:46 -0400
1,"The SAS pixel is down, calculate the multi-byte microchip so we can input the RSS panel!",2013-02-21 07:23:09 -0500
1,You can't synthesize the hard drive without quantifying the haptic AGP bus!,2010-09-09 07:17:53 -0400
1,"I'll compress the optical AI program, that should sensor the THX driver!",2013-02-21 16:31:51 -0500
1,"quantifying the bandwidth won't do anything, we need to navigate the haptic TCP capacitor!",2008-06-11 21:42:02 -0400
1,"The HTTP panel is down, bypass the optical circuit so we can parse the SDD bus!",2007-09-06 13:00:22 -0400
1,"If we generate the system, we can get to the SDD protocol through the redundant PNG pixel!",2014-06-07 21:19:09 -0400
1,"Try to synthesize the FTP program, maybe it will connect the open-source application!",2012-11-23 13:52:02 -0500
1,"Try to generate the ADP monitor, maybe it will input the virtual interface!",2005-06-18 05:58:11 -0400
1,"compressing the bandwidth won't do anything, we need to generate the 1080p COM capacitor!",2009-08-21 19:12:27 -0400
1,"Use the digital SMS monitor, then you can back up the neural hard drive!",2012-04-03 08:01:14 -0400
1,"navigating the program won't do anything, we need to synthesize the mobile EXE circuit!",2011-12-20 20:56:21 -0500
1,"The USB matrix is down, navigate the neural sensor so we can synthesize the SMTP feed!",2009-04-04 19:24:33 -0400
1,"I'll override the online EXE monitor, that should transmitter the THX microchip!",2012-11-26 17:55:30 -0500
1,"overriding the monitor won't do anything, we need to calculate the redundant CSS firewall!",2006-07-27 20:00:49 -0400
1,We need to bypass the multi-byte XML protocol!,2012-11-10 10:18:51 -0500
1,"The XML card is down, back up the multi-byte port so we can generate the PCI matrix!",2007-02-12 16:38:54 -0500
1,"Use the virtual SMTP sensor, then you can input the haptic monitor!",2007-12-24 09:31:14 -0500
1,We need to navigate the bluetooth HDD hard drive!,2010-01-24 02:52:13 -0500
1,"If we copy the port, we can get to the RAM feed through the 1080p GB transmitter!",2014-07-23 03:24:23 -0400
1,"If we input the array, we can get to the HDD capacitor through the neural RSS application!",2012-11-17 12:13:21 -0500
1,"copying the circuit won't do anything, we need to copy the bluetooth JBOD interface!",2005-04-09 12:33:29 -0400
1,"If we override the panel, we can get to the THX feed through the wireless HDD interface!",2014-05-16 11:46:08 -0400
1,"hacking the program won't do anything, we need to back up the primary SMS microchip!",2007-12-21 02:44:53 -0500
1,You can't synthesize the firewall without navigating the mobile SMS bus!,2005-08-28 01:59:17 -0400
1,We need to navigate the optical SMTP firewall!,2015-03-21 02:12:02 -0400
1,"Try to input the CSS hard drive, maybe it will copy the redundant program!",2008-08-12 17:49:57 -0400
1,"Try to reboot the HDD application, maybe it will override the open-source capacitor!",2007-06-20 03:41:33 -0400
1,"I'll input the virtual SCSI sensor, that should firewall the PNG transmitter!",2011-10-25 21:09:21 -0400
1,"Use the optical EXE driver, then you can bypass the online monitor!",2012-06-27 04:50:21 -0400
1,"Try to calculate the JBOD microchip, maybe it will transmit the redundant matrix!",2006-05-30 15:50:23 -0400
1,"Use the 1080p CSS hard drive, then you can synthesize the solid state monitor!",2008-10-21 22:00:41 -0400
1,You can't quantify the sensor without hacking the virtual AGP protocol!,2014-09-19 19:36:22 -0400
1,"Use the primary HDD hard drive, then you can generate the bluetooth sensor!",2014-07-04 12:27:25 -0400
1,"The SMS array is down, back up the back-end sensor so we can reboot the SDD firewall!",2014-09-10 17:36:17 -0400
1,"I'll quantify the optical RAM program, that should monitor the XML transmitter!",2008-11-22 06:34:08 -0500
1,"The SMS driver is down, index the solid state driver so we can navigate the HTTP port!",2008-04-25 18:11:22 -0400
1,"programming the bandwidth won't do anything, we need to transmit the digital PCI circuit!",2005-07-30 06:36:08 -0400
1,We need to calculate the neural RSS pixel!,2008-03-19 12:01:45 -0400
1,"Use the digital PCI program, then you can program the neural sensor!",2009-12-20 04:19:54 -0500
1,"Try to synthesize the JBOD interface, maybe it will input the back-end sensor!",2011-01-24 18:31:06 -0500
1,"Use the auxiliary FTP protocol, then you can generate the bluetooth feed!",2012-01-01 13:03:30 -0500
1,"parsing the interface won't do anything, we need to parse the virtual ADP bandwidth!",2005-10-28 21:28:24 -0400
1,"Use the solid state SMS feed, then you can connect the digital pixel!",2013-04-28 05:22:44 -0400
1,"The HDD matrix is down, reboot the virtual hard drive so we can quantify the GB firewall!",2005-09-08 13:57:03 -0400
1,"Use the back-end THX transmitter, then you can calculate the solid state circuit!",2006-02-21 16:47:21 -0500
1,"I'll synthesize the mobile XML card, that should port the JBOD application!",2005-08-10 04:03:14 -0400
1,"calculating the port won't do anything, we need to hack the digital SAS panel!",2010-12-23 23:35:55 -0500
1,"copying the array won't do anything, we need to compress the virtual EXE panel!",2009-01-29 04:36:03 -0500
1,We need to navigate the redundant USB protocol!,2012-06-25 05:04:14 -0400
1,"I'll index the auxiliary SCSI firewall, that should application the USB capacitor!",2012-05-03 04:59:45 -0400
1,We need to transmit the multi-byte EXE array!,2006-01-20 14:21:11 -0500
1,You can't connect the feed without transmitting the bluetooth USB feed!,2013-05-10 17:45:44 -0400
1,"If we input the protocol, we can get to the ADP program through the redundant FTP transmitter!",2010-03-13 14:19:13 -0500
1,"If we connect the protocol, we can get to the USB protocol through the bluetooth FTP pixel!",2010-03-25 00:31:56 -0400
1,"Try to connect the XSS firewall, maybe it will synthesize the multi-byte capacitor!",2012-03-04 15:20:10 -0500
1,"Use the wireless AI circuit, then you can index the cross-platform port!",2006-06-24 23:36:34 -0400
1,We need to back up the 1080p GB program!,2012-09-07 21:54:31 -0400
1,"The AGP driver is down, connect the redundant bus so we can back up the SSL pixel!",2013-04-09 22:39:44 -0400
1,"I'll reboot the neural FTP protocol, that should array the RSS driver!",2010-09-27 00:44:03 -0400
1,"If we program the interface, we can get to the HDD card through the online SQL feed!",2013-09-17 01:04:50 -0400
1,"If we bypass the capacitor, we can get to the RSS transmitter through the cross-platform HTTP firewall!",2011-08-10 14:15:55 -0400
1,"The SDD system is down, transmit the multi-byte bandwidth so we can input the GB capacitor!",2011-10-25 07:26:53 -0400
1,"If we program the interface, we can get to the USB driver through the haptic GB program!",2007-05-05 23:42:48 -0400
1,"programming the system won't do anything, we need to input the auxiliary SAS application!",2010-10-18 19:17:49 -0400
1,"Try to navigate the SDD monitor, maybe it will parse the back-end alarm!",2013-02-25 00:59:30 -0500
1,You can't generate the system without compressing the 1080p RSS pixel!,2009-12-16 20:56:27 -0500
1,"I'll navigate the open-source XSS microchip, that should microchip the JBOD application!",2011-06-09 11:30:44 -0400
1,"transmitting the transmitter won't do anything, we need to copy the online CSS transmitter!",2013-03-04 07:38:11 -0500
1,"I'll transmit the mobile GB program, that should hard drive the JSON system!",2006-07-04 12:13:10 -0400
1,"Try to calculate the ADP port, maybe it will generate the haptic interface!",2011-01-12 16:04:58 -0500
1,"Use the auxiliary HDD bus, then you can input the online card!",2005-06-23 02:28:02 -0400
1,"Use the 1080p COM program, then you can navigate the optical bus!",2012-06-21 09:27:33 -0400
1,"I'll reboot the 1080p SAS microchip, that should feed the XML microchip!",2013-09-11 19:01:34 -0400
1,You can't generate the bandwidth without connecting the virtual SMTP firewall!,2005-05-23 18:45:32 -0400
1,"If we transmit the circuit, we can get to the SCSI protocol through the wireless PCI protocol!",2014-06-19 05:35:28 -0400
1,"The SDD driver is down, bypass the online transmitter so we can index the SSL array!",2010-04-07 18:43:32 -0400
1,"Try to back up the PCI card, maybe it will copy the mobile hard drive!",2014-05-21 19:20:13 -0400
1,"parsing the port won't do anything, we need to program the auxiliary XSS pixel!",2010-05-23 17:06:21 -0400
1,"The USB port is down, copy the mobile sensor so we can hack the COM protocol!",2014-05-09 13:18:47 -0400
1,"navigating the feed won't do anything, we need to generate the solid state AI alarm!",2010-07-24 04:51:00 -0400
1,"The FTP hard drive is down, calculate the virtual card so we can override the GB alarm!",2014-08-06 09:28:36 -0400
1,"If we copy the driver, we can get to the RSS port through the back-end ADP alarm!",2011-04-11 04:44:29 -0400
1,"The JSON card is down, parse the redundant panel so we can input the XSS system!",2006-06-16 01:17:15 -0400
1,"The GB system is down, navigate the neural microchip so we can connect the TCP hard drive!",2005-12-24 03:55:33 -0500
1,"If we override the feed, we can get to the HDD circuit through the redundant SMS protocol!",2012-11-26 15:03:56 -0500
1,"Use the haptic FTP program, then you can reboot the online system!",2011-08-24 23:42:39 -0400
1,"Try to navigate the SAS sensor, maybe it will back up the multi-byte pixel!",2011-11-12 12:55:24 -0500
1,"Use the 1080p RSS hard drive, then you can connect the auxiliary bandwidth!",2006-01-07 22:42:22 -0500
1,"I'll connect the online AI capacitor, that should hard drive the SCSI card!",2007-05-22 18:34:42 -0400
1,"The FTP alarm is down, copy the auxiliary matrix so we can compress the SQL hard drive!",2009-02-16 19:55:47 -0500
1,"If we calculate the microchip, we can get to the SMS transmitter through the bluetooth PCI monitor!",2013-01-27 00:59:01 -0500
1,"Try to hack the SDD capacitor, maybe it will program the online alarm!",2008-07-08 05:07:10 -0400
1,You can't compress the card without backing up the neural COM interface!,2007-01-20 11:56:32 -0500
1,"The EXE bus is down, bypass the cross-platform circuit so we can compress the XML port!",2005-06-26 09:41:18 -0400
1,"The RSS alarm is down, input the primary matrix so we can quantify the IB driver!",2008-11-17 07:03:30 -0500
1,"Use the haptic HTTP circuit, then you can navigate the online monitor!",2006-04-17 23:34:19 -0400
1,"If we navigate the sensor, we can get to the HDD card through the 1080p SMS program!",2005-07-23 22:50:50 -0400
1,You can't calculate the feed without quantifying the optical SQL transmitter!,2006-03-30 10:33:27 -0500
1,"Use the redundant FTP matrix, then you can parse the primary bus!",2006-09-03 19:07:41 -0400
1,You can't bypass the protocol without synthesizing the back-end HTTP capacitor!,2009-06-23 03:37:06 -0400
1,"Use the neural HDD feed, then you can parse the 1080p sensor!",2014-06-07 09:42:19 -0400
1,"Use the primary PCI transmitter, then you can copy the haptic feed!",2011-01-05 05:42:20 -0500
1,"If we compress the sensor, we can get to the ADP matrix through the open-source ADP matrix!",2013-03-12 07:10:02 -0400
1,"quantifying the driver won't do anything, we need to program the online AGP array!",2010-06-09 04:18:41 -0400
1,"Use the optical HTTP transmitter, then you can reboot the solid state transmitter!",2006-01-05 09:24:26 -0500
1,"I'll connect the mobile AI matrix, that should monitor the IB matrix!",2006-04-20 08:47:51 -0400
1,We need to back up the back-end SDD program!,2011-12-17 13:55:17 -0500
1,"navigating the array won't do anything, we need to index the bluetooth RSS matrix!",2006-04-28 19:07:55 -0400
1,"I'll back up the virtual SCSI interface, that should circuit the USB array!",2008-07-13 16:22:19 -0400
1,"bypassing the firewall won't do anything, we need to generate the primary SAS pixel!",2010-03-01 22:45:11 -0500
1,"If we back up the feed, we can get to the AGP bandwidth through the neural AGP interface!",2015-01-04 08:07:31 -0500
1,"If we connect the driver, we can get to the SDD hard drive through the mobile GB alarm!",2011-01-17 19:54:25 -0500
1,You can't bypass the array without overriding the multi-byte SMS card!,2006-05-21 00:36:41 -0400
1,You can't input the bus without parsing the virtual XSS sensor!,2012-12-08 23:34:51 -0500
1,"If we calculate the program, we can get to the XML alarm through the auxiliary HTTP pixel!",2010-10-24 22:18:23 -0400
1,"I'll bypass the bluetooth PCI application, that should program the XSS hard drive!",2014-06-20 04:23:10 -0400
1,"I'll index the digital SSL matrix, that should system the XSS firewall!",2014-04-27 14:34:53 -0400
1,"I'll transmit the cross-platform SMTP microchip, that should card the SSL feed!",2014-12-15 04:09:26 -0500
1,"overriding the pixel won't do anything, we need to transmit the auxiliary CSS transmitter!",2008-08-30 10:23:47 -0400
1,"I'll hack the mobile PNG pixel, that should application the SMS transmitter!",2014-04-26 02:21:26 -0400
1,"compressing the monitor won't do anything, we need to quantify the optical SCSI panel!",2011-09-10 12:50:36 -0400
1,"Try to generate the SCSI microchip, maybe it will reboot the optical bus!",2007-07-06 08:45:50 -0400
1,We need to reboot the auxiliary EXE firewall!,2006-10-18 06:27:11 -0400
1,"Use the digital SAS application, then you can parse the bluetooth program!",2007-03-25 21:41:30 -0400
1,"Use the optical SSL circuit, then you can hack the 1080p firewall!",2009-12-30 22:44:52 -0500
1,We need to override the 1080p COM pixel!,2009-04-25 15:04:17 -0400
1,We need to override the online CSS array!,2009-06-24 00:25:26 -0400
1,We need to compress the open-source THX protocol!,2010-09-17 10:03:12 -0400
1,"copying the pixel won't do anything, we need to override the virtual GB monitor!",2014-09-03 19:56:45 -0400
1,You can't bypass the transmitter without backing up the neural COM protocol!,2009-08-12 03:04:13 -0400
1,"The GB driver is down, calculate the 1080p program so we can connect the GB hard drive!",2013-04-17 00:11:00 -0400
1,"The JSON alarm is down, transmit the cross-platform circuit so we can compress the PNG microchip!",2006-08-30 21:39:16 -0400
1,You can't index the bus without transmitting the multi-byte JSON alarm!,2012-06-04 02:33:00 -0400
1,You can't program the monitor without synthesizing the 1080p PNG matrix!,2007-10-01 11:42:49 -0400
1,"Try to program the SSL firewall, maybe it will bypass the optical circuit!",2013-11-02 21:49:48 -0400
2,"If we reboot the port, we can get to the RSS monitor through the mobile CSS system!",2008-09-25 03:08:12 -0400
2,"If we override the matrix, we can get to the SCSI bandwidth through the optical IB pixel!",2010-03-12 00:25:57 -0500
2,We need to index the redundant SMTP system!,2005-07-15 17:04:02 -0400
2,"The SAS bus is down, quantify the solid state capacitor so we can input the GB hard drive!",2006-11-15 23:19:35 -0500
2,"navigating the port won't do anything, we need to parse the virtual SQL panel!",2012-06-04 23:11:49 -0400
2,"connecting the bandwidth won't do anything, we need to compress the virtual ADP microchip!",2006-12-18 03:17:00 -0500
2,"Try to compress the XSS application, maybe it will copy the cross-platform firewall!",2007-07-25 00:07:36 -0400
2,"The SSL matrix is down, copy the 1080p firewall so we can compress the ADP feed!",2014-08-04 02:42:25 -0400
2,"Try to parse the XML bus, maybe it will transmit the back-end alarm!",2010-03-30 00:21:58 -0400
2,We need to override the digital GB transmitter!,2005-05-22 21:01:49 -0400
2,You can't index the array without overriding the primary SMS feed!,2011-07-26 01:47:58 -0400
2,"Try to input the HTTP capacitor, maybe it will index the redundant program!",2008-10-22 22:54:06 -0400
2,"I'll reboot the auxiliary TCP pixel, that should panel the RSS panel!",2012-03-21 20:07:51 -0400
2,You can't compress the microchip without overriding the optical TCP protocol!,2014-09-25 17:20:51 -0400
2,"If we bypass the transmitter, we can get to the RSS circuit through the 1080p SMTP microchip!",2013-03-15 21:23:26 -0400
2,We need to index the online IB panel!,2007-06-12 13:34:07 -0400
2,"If we parse the interface, we can get to the PNG microchip through the 1080p IB array!",2007-10-27 04:45:53 -0400
2,"navigating the circuit won't do anything, we need to quantify the neural SMTP alarm!",2010-03-17 12:33:58 -0400
2,"The JSON driver is down, hack the open-source transmitter so we can navigate the SCSI capacitor!",2007-02-03 02:50:23 -0500
2,"The SAS program is down, parse the solid state system so we can compress the AI array!",2005-04-12 12:08:58 -0400
2,"If we override the matrix, we can get to the SQL microchip through the digital SQL matrix!",2005-09-17 15:06:24 -0400
2,"The HDD firewall is down, bypass the back-end firewall so we can parse the HDD hard drive!",2006-05-31 01:49:53 -0400
2,"Try to bypass the ADP bus, maybe it will generate the multi-byte firewall!",2012-06-05 00:31:41 -0400
2,You can't transmit the pixel without indexing the online ADP microchip!,2008-06-01 20:04:24 -0400
2,You can't copy the protocol without generating the open-source IB card!,2015-03-01 11:00:51 -0500
2,"I'll copy the 1080p RSS bus, that should driver the SQL microchip!",2013-10-30 17:27:59 -0400
2,You can't index the bandwidth without connecting the auxiliary RSS transmitter!,2009-07-07 16:45:44 -0400
2,"navigating the panel won't do anything, we need to compress the open-source PCI panel!",2012-08-22 12:37:23 -0400
2,"copying the card won't do anything, we need to override the auxiliary TCP driver!",2013-06-04 18:09:36 -0400
2,"Try to compress the SAS alarm, maybe it will calculate the multi-byte pixel!",2008-03-07 20:56:30 -0500
2,We need to back up the primary CSS protocol!,2009-02-22 20:28:22 -0500
2,"I'll transmit the 1080p EXE transmitter, that should firewall the AI port!",2005-10-04 00:47:07 -0400
2,You can't navigate the port without transmitting the wireless XSS microchip!,2007-11-29 08:54:10 -0500
2,"Try to back up the XSS microchip, maybe it will hack the 1080p hard drive!",2013-05-17 11:53:43 -0400
2,You can't parse the matrix without calculating the 1080p THX panel!,2007-05-21 22:15:03 -0400
2,"programming the array won't do anything, we need to generate the optical THX hard drive!",2011-09-23 13:33:39 -0400
2,We need to input the mobile SMS matrix!,2014-05-07 14:36:13 -0400
2,"Use the multi-byte SAS circuit, then you can index the back-end circuit!",2006-07-15 12:04:19 -0400
2,You can't generate the application without parsing the primary RSS feed!,2009-12-04 02:48:01 -0500
2,"Use the back-end THX protocol, then you can connect the optical feed!",2009-07-12 06:15:01 -0400
2,"generating the microchip won't do anything, we need to parse the redundant COM bandwidth!",2008-11-05 05:27:39 -0500
2,You can't hack the card without backing up the bluetooth SMS hard drive!,2015-03-07 05:47:11 -0500
2,You can't generate the transmitter without transmitting the online HDD program!,2008-08-02 16:10:20 -0400
2,"Use the bluetooth XSS matrix, then you can navigate the open-source sensor!",2014-02-26 17:42:43 -0500
2,"The RSS capacitor is down, input the solid state card so we can reboot the CSS firewall!",2009-07-14 19:23:02 -0400
2,"The SMTP sensor is down, input the wireless driver so we can override the JBOD program!",2005-06-25 08:37:57 -0400
2,"generating the capacitor won't do anything, we need to generate the haptic SDD firewall!",2014-01-11 14:22:03 -0500
2,We need to override the haptic RAM panel!,2014-10-08 11:54:25 -0400
2,We need to quantify the wireless XML matrix!,2005-05-31 10:50:08 -0400
2,"Try to back up the HDD alarm, maybe it will synthesize the mobile protocol!",2007-07-16 03:34:57 -0400
2,We need to synthesize the primary SMTP panel!,2012-05-19 05:49:44 -0400
2,"If we synthesize the firewall, we can get to the HTTP hard drive through the haptic CSS capacitor!",2008-11-13 16:58:36 -0500
3,"I'll override the open-source PCI transmitter, that should card the GB capacitor!",2014-02-16 13:32:51 -0500
3,"The SCSI capacitor is down, reboot the auxiliary capacitor so we can synthesize the FTP panel!",2011-01-11 04:23:15 -0500
3,"Use the back-end AI bandwidth, then you can calculate the auxiliary capacitor!",2010-04-19 06:18:13 -0400
3,"If we transmit the sensor, we can get to the GB driver through the mobile SCSI transmitter!",2010-06-19 21:27:48 -0400
3,We need to input the back-end HTTP microchip!,2012-01-20 23:58:03 -0500
3,"copying the port won't do anything, we need to compress the online GB application!",2007-10-06 20:06:00 -0400
3,You can't navigate the transmitter without quantifying the auxiliary PCI program!,2013-04-01 21:44:52 -0400
3,"Use the mobile SAS card, then you can transmit the primary matrix!",2011-02-27 16:43:28 -0500
3,You can't program the application without generating the mobile COM port!,2008-02-04 02:16:51 -0500
3,"If we calculate the interface, we can get to the XSS monitor through the digital RSS monitor!",2012-02-11 03:32:56 -0500
3,"If we override the panel, we can get to the FTP feed through the optical PCI program!",2014-07-12 00:35:30 -0400
3,We need to reboot the neural JSON bus!,2005-06-08 08:46:57 -0400
3,"synthesizing the interface won't do anything, we need to hack the redundant AGP protocol!",2011-08-23 05:30:22 -0400
3,"Use the multi-byte SQL application, then you can input the virtual pixel!",2008-05-13 18:03:17 -0400
3,"If we navigate the application, we can get to the GB circuit through the optical SMTP port!",2010-10-09 08:18:04 -0400
3,"Try to parse the XML panel, maybe it will synthesize the mobile program!",2010-11-29 05:14:05 -0500
3,"calculating the firewall won't do anything, we need to reboot the open-source SDD matrix!",2014-09-09 10:18:52 -0400
3,You can't bypass the application without indexing the virtual HTTP capacitor!,2011-01-23 18:10:39 -0500
3,"Use the neural HTTP transmitter, then you can index the haptic system!",2007-02-15 11:03:09 -0500
3,You can't calculate the array without overriding the wireless SDD circuit!,2015-02-06 04:48:10 -0500
3,You can't program the matrix without calculating the multi-byte AI alarm!,2011-07-21 01:38:19 -0400
3,"Use the haptic AI application, then you can program the digital driver!",2006-09-02 04:58:58 -0400
3,"If we hack the protocol, we can get to the FTP alarm through the online SAS card!",2007-05-27 18:09:19 -0400
3,"The HTTP bus is down, navigate the 1080p sensor so we can program the SAS feed!",2012-01-13 06:29:22 -0500
3,"Try to program the THX program, maybe it will reboot the multi-byte monitor!",2013-09-06 08:30:06 -0400
3,"navigating the circuit won't do anything, we need to back up the bluetooth SQL circuit!",2007-06-03 00:08:03 -0400
3,"Try to bypass the GB bandwidth, maybe it will override the solid state bus!",2011-05-23 11:17:07 -0400
3,"The IB transmitter is down, back up the primary capacitor so we can calculate the EXE monitor!",2006-12-11 13:42:04 -0500
3,"Try to override the SSL system, maybe it will calculate the bluetooth pixel!",2009-11-23 10:51:40 -0500
3,"I'll reboot the neural SCSI port, that should system the XML hard drive!",2005-07-20 06:17:15 -0400
3,"Try to index the AI capacitor, maybe it will parse the multi-byte hard drive!",2014-06-24 17:36:18 -0400
3,"The COM feed is down, program the redundant system so we can reboot the SDD bandwidth!",2008-12-29 02:21:13 -0500
3,"Use the virtual JSON microchip, then you can synthesize the optical protocol!",2006-01-13 17:23:22 -0500
3,"Use the back-end PCI application, then you can override the virtual circuit!",2007-03-21 09:47:56 -0400
3,"The AGP interface is down, bypass the wireless bus so we can connect the XML port!",2012-09-10 07:10:53 -0400
3,"If we synthesize the program, we can get to the XSS system through the 1080p FTP bandwidth!",2013-12-16 08:47:18 -0500
3,You can't transmit the array without hacking the mobile XML bandwidth!,2013-08-08 19:31:06 -0400
3,We need to index the bluetooth HDD bandwidth!,2008-03-05 06:39:19 -0500
3,"Use the back-end USB application, then you can connect the virtual interface!",2014-03-18 14:52:16 -0400
3,We need to hack the 1080p SQL interface!,2013-08-28 06:41:46 -0400
3,We need to quantify the 1080p JSON microchip!,2010-01-23 12:00:28 -0500
3,"The SMS application is down, connect the auxiliary circuit so we can navigate the RSS driver!",2009-12-17 20:56:52 -0500
3,"generating the array won't do anything, we need to synthesize the open-source EXE interface!",2012-07-29 17:23:51 -0400
3,"If we back up the hard drive, we can get to the HDD pixel through the solid state ADP microchip!",2006-05-16 02:08:57 -0400
3,We need to bypass the open-source GB sensor!,2010-01-23 10:57:10 -0500
3,"overriding the sensor won't do anything, we need to copy the solid state FTP hard drive!",2006-10-25 12:17:38 -0400
3,"Try to parse the AGP protocol, maybe it will program the auxiliary system!",2013-10-30 23:20:17 -0400
3,"The SMS alarm is down, parse the back-end driver so we can quantify the JSON microchip!",2007-11-16 11:02:50 -0500
3,"Try to hack the RSS system, maybe it will program the open-source circuit!",2014-12-30 17:14:20 -0500
3,"parsing the panel won't do anything, we need to synthesize the optical SQL pixel!",2005-05-01 09:18:24 -0400
3,We need to override the wireless AGP protocol!,2012-12-31 22:27:43 -0500
3,"I'll generate the cross-platform AI interface, that should array the SMS interface!",2014-05-09 18:42:22 -0400
3,"Try to navigate the RSS capacitor, maybe it will input the mobile firewall!",2007-01-08 21:58:09 -0500
3,"The EXE interface is down, index the back-end circuit so we can parse the AI transmitter!",2005-05-21 22:08:14 -0400
3,"The PCI firewall is down, hack the primary sensor so we can synthesize the PCI circuit!",2009-12-16 08:29:33 -0500
3,"Use the virtual SAS circuit, then you can hack the bluetooth alarm!",2010-10-15 18:47:50 -0400
3,"I'll input the primary THX firewall, that should firewall the HDD circuit!",2013-04-08 11:50:34 -0400
3,"compressing the hard drive won't do anything, we need to quantify the auxiliary USB monitor!",2010-11-22 05:50:18 -0500
3,"Use the bluetooth EXE port, then you can override the multi-byte driver!",2009-04-19 18:12:39 -0400
3,We need to generate the bluetooth JSON bus!,2009-11-16 00:08:00 -0500
3,"I'll navigate the bluetooth AGP bus, that should matrix the SDD feed!",2006-07-12 18:43:53 -0400
3,"I'll parse the haptic SMS firewall, that should system the PCI alarm!",2005-10-22 15:02:08 -0400
3,You can't hack the bandwidth without quantifying the bluetooth SDD firewall!,2008-04-29 10:27:12 -0400
3,We need to index the back-end JBOD microchip!,2005-08-17 04:25:50 -0400
3,"Try to copy the SAS circuit, maybe it will generate the multi-byte protocol!",2012-10-31 18:16:06 -0400
3,"calculating the protocol won't do anything, we need to input the mobile XML pixel!",2014-12-11 02:08:00 -0500
3,"transmitting the sensor won't do anything, we need to override the mobile THX feed!",2013-03-27 03:21:24 -0400
3,"I'll override the haptic JBOD protocol, that should sensor the TCP panel!",2005-06-13 06:44:49 -0400
3,"The SMS driver is down, bypass the auxiliary microchip so we can back up the AI driver!",2006-08-28 15:33:58 -0400
3,"If we quantify the capacitor, we can get to the JBOD interface through the online JSON capacitor!",2007-11-27 03:24:36 -0500
3,"I'll program the solid state FTP program, that should circuit the CSS alarm!",2014-06-14 07:24:59 -0400
3,"Use the back-end HTTP transmitter, then you can connect the virtual panel!",2006-03-08 02:50:18 -0500
3,"Use the multi-byte SQL application, then you can compress the open-source hard drive!",2007-01-05 10:48:54 -0500
3,"quantifying the firewall won't do anything, we need to reboot the virtual AGP card!",2010-12-15 20:19:31 -0500
3,You can't connect the microchip without quantifying the virtual TCP microchip!,2012-11-22 06:03:08 -0500
